sample,interface,label,dG_separated,ddG,dSASA_int_A2,delta_unsatHbonds,packstat,nres_int,compiled_by
T19E,A_B,FBXO7-PINK1,-144.42,-5.45,7041.3,60,0.483,249,tanya
T19E,A_C,FBXO7-PSMF1,-191.73,5.23,8548.16,78,0.4245,298,tanya
T47A,A_B,FBXO7-PINK1,-130.52,8.45,7146.22,61,0.4585,255,tanya
T47A,A_C,FBXO7-PSMF1,-195.53,1.43,8690.63,90,0.4353,297,tanya
T47E,A_B,FBXO7-PINK1,-140.34,-1.36,7201.24,84,0.4033,254,tanya
T47E,A_C,FBXO7-PSMF1,-194.39,2.57,8509.99,71,0.4632,297,tanya
A64T,A_B,FBXO7-PINK1,-140.33,-1.35,6915.13,68,0.4476,251,tanya
A64T,A_C,FBXO7-PSMF1,-184.47,12.48,8448.77,72,0.4856,293,tanya
S109P,A_B,FBXO7-PINK1,-124.02,-10.0,7016.63,72,0.4999,254,szilvia
S109P,A_C,FBXO7-PSMF1,-178.63,-6.76,8558.6,89,0.4739,302,szilvia
S110H,A_B,FBXO7-PINK1,-136.17,2.81,7134.83,69,0.4527,256,tanya
S110H,A_C,FBXO7-PSMF1,-201.32,-4.36,8560.85,59,0.4821,293,tanya
S110C,A_B,FBXO7-PINK1,-123.45,15.53,6924.47,64,0.4811,250,tanya
S110C,A_C,FBXO7-PSMF1,-187.62,9.34,8485.88,75,0.4563,289,tanya
Q127E,A_B,FBXO7-PINK1,-118.45,20.53,6856.38,74,0.427,250,tanya
Q127E,A_C,FBXO7-PSMF1,-190.72,6.23,8510.38,70,0.4235,294,tanya
F146V,A_B,FBXO7-PINK1,-145.31,-6.33,7010.59,73,0.4336,254,tanya
F146V,A_C,FBXO7-PSMF1,-201.82,-4.86,8397.31,67,0.4729,295,tanya
D191G,A_B,FBXO7-PINK1,-128.94,10.04,7014.43,55,0.4503,256,tanya
D191G,A_C,FBXO7-PSMF1,-190.23,6.73,8344.72,69,0.4394,288,tanya
L290P,A_B,FBXO7-PINK1,-115.75,-1.73,7032.1,86,0.5121,258,szilvia
L290P,A_C,FBXO7-PSMF1,-168.0,3.87,8419.1,82,0.5023,303,szilvia
E292R,A_B,FBXO7-PINK1,-114.8,-0.78,7140.48,73,0.4904,261,szilvia
E292R,A_C,FBXO7-PSMF1,-180.26,-8.39,8626.93,75,0.5174,289,szilvia
G409R,A_B,FBXO7-PINK1,-132.58,6.4,7005.36,69,0.4757,250,tanya
G409R,A_C,FBXO7-PSMF1,-180.74,16.22,8332.05,84,0.436,286,tanya
G409I,A_B,FBXO7-PINK1,-120.75,-6.73,7094.53,68,0.4888,256,szilvia
G409I,A_C,FBXO7-PSMF1,-166.93,4.94,8341.0,71,0.5165,287,szilvia
Desmodus_rotundus mutants,A_B,FBXO7-PINK1,-140.72,-1.74,7124.66,65,0.4303,246,tanya
Desmodus_rotundus mutants,A_C,FBXO7-PSMF1,-195.51,1.45,8367.55,60,0.4377,288,tanya
Diphylla_ecaudata mutants,A_B,FBXO7-PINK1,-133.98,5.0,7197.43,68,0.4533,253,tanya
Diphylla_ecaudata mutants,A_C,FBXO7-PSMF1,-187.3,9.66,8448.41,83,0.5082,304,tanya
Myotis_myotis mutants,A_B,FBXO7-PINK1,-133.91,5.07,7076.84,71,0.449,251,tanya
Myotis_myotis mutants,A_C,FBXO7-PSMF1,-185.8,11.16,8292.66,59,0.4517,291,tanya
Myotis_nigricans mutants,A_B,FBXO7-PINK1,-126.36,12.62,6917.02,65,0.4216,250,tanya
Myotis_nigricans mutants,A_C,FBXO7-PSMF1,-184.42,12.53,8266.75,74,0.4673,286,tanya
WT,A_B,FBXO7-PINK1,-114.02,0.0,6851.3,81,0.5147,256,szilvia
WT,A_C,FBXO7-PSMF1,-171.87,0.0,8408.36,58,0.5268,297,szilvia
