sample,interface,wt_bind,mut_bind,ddG,method
T19E,A_B,-171.47,-171.47,0.0,EvoEF2
T47A,A_B,-171.47,-171.47,0.0,EvoEF2
T47E,A_B,-171.47,-171.47,0.0,EvoEF2
A64T,A_B,-171.47,-171.47,0.0,EvoEF2
S109P,A_B,-171.47,-175.47,-4.0,EvoEF2
S110H,A_B,-171.47,-172.69,-1.22,EvoEF2
S110C,A_B,-171.47,-172.72,-1.25,EvoEF2
Q127E,A_B,-171.47,-171.68,-0.21,EvoEF2
F146V,A_B,-171.47,-171.47,0.0,EvoEF2
D191G,A_B,-171.47,-166.89,4.58,EvoEF2
L290P,A_B,-171.47,-171.47,0.0,EvoEF2
E292R,A_B,-171.47,-171.47,0.0,EvoEF2
G409R,A_B,-171.47,-171.47,0.0,EvoEF2
G409I,A_B,-171.47,-171.47,0.0,EvoEF2
T19E,A_C,-276.19,-276.19,0.0,EvoEF2
T47A,A_C,-276.19,-276.19,0.0,EvoEF2
T47E,A_C,-276.19,-276.19,0.0,EvoEF2
A64T,A_C,-276.19,-276.19,0.0,EvoEF2
S109P,A_C,-276.19,-276.19,0.0,EvoEF2
S110H,A_C,-276.19,-276.19,0.0,EvoEF2
S110C,A_C,-276.19,-276.19,0.0,EvoEF2
Q127E,A_C,-276.19,-276.19,0.0,EvoEF2
F146V,A_C,-276.19,-276.19,0.0,EvoEF2
D191G,A_C,-276.19,-276.19,0.0,EvoEF2
L290P,A_C,-276.19,-276.19,0.0,EvoEF2
E292R,A_C,-276.19,-276.19,0.0,EvoEF2
G409R,A_C,-276.19,-276.19,0.0,EvoEF2
G409I,A_C,-276.19,-276.19,0.0,EvoEF2
Myotis_myotis,A_B,-171.47,-175.68,-4.21,EvoEF2
Myotis_nigricans,A_B,-171.47,-175.68,-4.21,EvoEF2
Desmodus_rotundus,A_B,-171.47,-172.06,-0.59,EvoEF2
Diphylla_ecaudata,A_B,-171.47,-176.68,-5.21,EvoEF2
Myotis_myotis,A_C,-276.19,-276.19,0.0,EvoEF2
Myotis_nigricans,A_C,-276.19,-276.19,0.0,EvoEF2
Desmodus_rotundus,A_C,-276.19,-276.19,0.0,EvoEF2
Diphylla_ecaudata,A_C,-276.19,-276.19,0.0,EvoEF2
